{"cameraMode":{"drawMode":0,"name":"Shaded","section":"Shading Mode"},"sceneLighting":true,"audioPlay":false,"sceneViewState":{"m_AlwaysRefresh":false,"showFog":true,"showSkybox":true,"showFlares":true,"showImageEffects":true,"showParticleSystems":true,"showVisualEffectGraphs":true,"m_FxEnabled":true},"in2DMode":false,"pivot":{"x":-0.07143431901931763,"y":1.1046868562698365,"z":0.5158476829528809},"rotation":{"x":0.04763331264257431,"y":-0.9522187113761902,"z":0.20445184409618379,"w":0.22184917330741883},"size":0.8580238819122315,"orthographic":false}