{"cameraMode":{"drawMode":0,"name":"Shaded","section":"Shading Mode"},"sceneLighting":true,"audioPlay":false,"sceneViewState":{"m_AlwaysRefresh":false,"showFog":true,"showSkybox":true,"showFlares":true,"showImageEffects":true,"showParticleSystems":true,"showVisualEffectGraphs":true,"m_FxEnabled":true},"in2DMode":false,"pivot":{"x":-0.38014060258865359,"y":0.31221699714660647,"z":0.4189438819885254},"rotation":{"x":-0.028236910700798036,"y":0.9592905044555664,"z":-0.2611687481403351,"w":-0.10371587425470352},"size":2.212846517562866,"orthographic":false}